Content,Type,Book,Author,Page,Location,Date
"front of the wagon, and heaved. He grunted and grimaced,",Highlight,RWBY: After the Fall,E.C. Myers,179,您在位置 #179-179的标注,2021-04-27 07:56:17
"outfits. Most Vacuans wore simple, light-colored tunics",Highlight,RWBY: After the Fall,E.C. Myers,195,您在位置 #195-195的标注,2021-04-27 08:01:39
Looks like she might be carrying egg sacs.” Slate scampered,Highlight,RWBY: After the Fall,E.C. Myers,277,您在位置 #276-277的标注,2021-04-28 08:00:28
"desert lotus tea, and Fox ordered fried crevice worms,",Highlight,RWBY: After the Fall,E.C. Myers,378,您在位置 #378-378的标注,2021-04-29 08:12:02
"dirty black tunic; his biceps bulged from the short sleeves,",Highlight,RWBY: After the Fall,E.C. Myers,383,您在位置 #382-383的标注,2021-04-29 08:13:32
Fifty seconds was plenty of time to consider the choices that had brought each of them there. Plenty of time to regret them.,Highlight,RWBY: After the Fall,E.C. Myers,493,您在位置 #492-493的标注,2021-07-20 10:49:09
"She blushed, covering her rear. “Excuse you! It was a figure of speech!”",Highlight,RWBY: After the Fall,E.C. Myers,682,您在位置 #681-682的标注,2021-10-15 13:09:04
"“The downside of keeping to yourself is that other people are free to tell your story,”",Highlight,RWBY: After the Fall,E.C. Myers,884,您在位置 #883-884的标注,2021-10-18 13:29:38
"Hardy palm trees arching over a clear blue oasis, bright green leaves reflected in the still water. There’s grass on the shore, lush green grass, dotted with pink and white flowers.",Highlight,RWBY: After the Fall,E.C. Myers,1028,您在位置 #1026-1028的标注,2021-10-19 13:24:34
"“It doesn’t look like much, Fox, but I wish you could see it. Hardy palm trees arching over a clear blue oasis, bright green leaves reflected in the still water. There’s grass on the shore, lush green grass, dotted with pink and white flowers. Bees lazily drift over them, collecting pollen. Do you hear them buzzing? This is the center of town, where everyone gathers to talk, eat, conduct business at the market. Around us are burlap tents and lean-tos built by the traveling merchants, beyond are the huts, squat shelters made of mud brick and straw where our people dwell.”",Highlight,RWBY: After the Fall,E.C. Myers,1030,您在位置 #1026-1030的标注,2021-10-19 13:24:21
"The world is chaotic. We try to assert order on it, try to make sense of it. We organized into four kingdoms, four schools … teams of four. But what if the only way to fight the chaos is to give in to it? All your planning, all your preparation, can be undone in a moment of bad luck. Or a split second in which you make the wrong decision, or miss your mark just so.",Highlight,RWBY: After the Fall,E.C. Myers,1361,您在位置 #1358-1361的标注,2021-10-25 12:48:50
"“Thus, I believe that we need to embrace randomness as well, try to harness it and turn it to our advantage. We have to plan for the unexpected, prepare ourselves for situations we never could have anticipated or trained for. You and I are having this conversation because of a lifetime of choices and seemingly unrelated occurrences that nonetheless shaped who we are and led us here.",Highlight,RWBY: After the Fall,E.C. Myers,1363,您在位置 #1361-1363的标注,2021-10-25 12:48:58
"“The fact that two people met by chance and fell in love and had a daughter named Coco Adele is remarkable, don’t you think? I do.",Highlight,RWBY: After the Fall,E.C. Myers,1365,您在位置 #1364-1365的标注,2021-10-25 12:49:59
"Make no mistake, there is a higher power guiding our actions. Call it Fate. Call it Destiny. Call it the gods. Or maybe it’s simply the randomness of existence. Whatever it is, I have to trust that we are here for a reason, and while my methods might be unorthodox, they haven’t failed me yet.”",Highlight,RWBY: After the Fall,E.C. Myers,1367,您在位置 #1365-1367的标注,2021-10-25 12:50:10
“Number one. Stop apologizing all the time for minor stuff.”,Highlight,RWBY: After the Fall,E.C. Myers,1374,您在位置 #1373-1374的标注,2021-10-25 12:51:38
"“Number two. Don’t screw up. If you fail, you fail your team and the people you’re trying to protect. Failure is not an option.” She put her glasses back on. “Three. It never hurts to fight with a little style. Have some fun with it. Being a Huntress is the best feeling in the world.”",Highlight,RWBY: After the Fall,E.C. Myers,1377,您在位置 #1375-1377的标注,2021-10-25 12:51:46
"“Believe me, I know what you mean,” Yatsuhashi said. “But we need to remember the bad along with the good. It’s what makes us who we are. Making mistakes, carrying their lessons with us, makes us stronger. It’s the only way we can become better than we were.”",Highlight,RWBY: After the Fall,E.C. Myers,1935,您在位置 #1933-1935的标注,2021-11-12 13:04:10
"we need to remember the bad along with the good. It’s what makes us who we are. Making mistakes, carrying their lessons with us, makes us stronger. It’s the only way we can become better than we were.”",Highlight,RWBY: After the Fall,E.C. Myers,1942,您在位置 #1933-1942的标注,2021-11-12 13:03:31
“That our choices make us who we are. The good ones and the bad ones.”,Highlight,RWBY: After the Fall,E.C. Myers,1948,您在位置 #1947-1948的标注,2021-11-12 13:07:02
"“No one is perfect, not even you.”",Highlight,RWBY: After the Fall,E.C. Myers,1948,您在位置 #1948-1948的标注,2021-11-12 13:07:10
it’s okay that you aren’t. Because you’re always trying to be better. You’re always trying to do the right thing. I think our intentions matter just as much as the outcomes.”,Highlight,RWBY: After the Fall,E.C. Myers,1950,您在位置 #1949-1950的标注,2021-11-12 13:07:38
"The flap of the tent flew open and Carmine stepped out, ducking through the low entrance and rising to her full height. Gus stepped out gingerly after her.",Highlight,RWBY: After the Fall,E.C. Myers,1987,您在位置 #1986-1987的标注,2021-11-12 13:19:11
"peering around. She saw a lot of silver-and-glass skyscrapers,",Highlight,RWBY: Before the Dawn,E.C. Myers,501,Your Highlight at location 501-501,2023-07-18 07:50:14
Fortune and glory?” Fox said. The door slammed,Highlight,RWBY: Before the Dawn,E.C. Myers,886,Your Highlight at location 885-886,2024-02-12 04:41:49
them to come fight him. His youthful energy was palpable,Highlight,RWBY: Before the Dawn,E.C. Myers,1000,Your Highlight at location 999-1000,2024-05-02 08:42:07
此时面对译稿，脑中浮现的景象宛如荒野上人去楼空后徒留破落黑死馆的断垣残壁，石墙坍塌、蔓草杂生，脚下或许会不经意踩到有斑驳金漆的巨幅画框，还会看到那酒红帐幔自湿润泥土中探出一角，舒展着旧时骄傲。,Highlight,《黑死馆杀人事件》【深刻影响“经营之神”松下幸之助的奇书。詹慕如经典译本】,小栗虫太郎,8,您在第 8 页（位置 #78-81）的标注,2022-06-08 17:35:54
倘若人的心里住着恶魔，那恶魔就像要由此裂缝把其他人扯进罪恶深渊——这种难以预料的自我毁灭作用看似即将发生，让世人渐渐感受到浓厚的恐惧。,Highlight,《黑死馆杀人事件》【深刻影响“经营之神”松下幸之助的奇书。詹慕如经典译本】,小栗虫太郎,10,您在第 10 页（位置 #103-104）的标注,2022-06-08 17:36:22
尽管水面上平静安稳，水底下却已经形成倾泻至黑暗地下水流的巨大飞瀑了。,Highlight,《黑死馆杀人事件》【深刻影响“经营之神”松下幸之助的奇书。詹慕如经典译本】,小栗虫太郎,10,您在第 10 页（位置 #106-106）的标注,2022-06-08 17:36:28
如果一个人的脑中只有一种世界、一种观念，这种人一旦萌生兴趣，便会对其产生偏执倾倒，一直以相反的形态来寻求感应。假使这图中的本质反映出这种倒错心理，最后便会扭曲观察的视点。并且从形式转移到个人经验上，也就是从喜剧转为悲剧。之后就像疯子般开始追寻自然淘汰的痕迹，只留下冷血可怕的狩猎心理。,Highlight,《黑死馆杀人事件》【深刻影响“经营之神”松下幸之助的奇书。詹慕如经典译本】,小栗虫太郎,67,您在第 67 页（位置 #833-836）的标注,2022-07-04 15:21:52
人类的种子必定会在生死之境流转一次，在黑暗中遭受风吹的荒野。,Highlight,《黑死馆杀人事件》【深刻影响“经营之神”松下幸之助的奇书。詹慕如经典译本】,小栗虫太郎,275,您在第 275 页（位置 #3615-3616）的标注,2022-07-06 13:58:11
我们找不到恶魔，只因无法从我们的肖像之间发现其形貌’，,Highlight,《黑死馆杀人事件》【深刻影响“经营之神”松下幸之助的奇书。詹慕如经典译本】,小栗虫太郎,275,您在第 275 页（位置 #3616-3617）的标注,2022-07-06 13:58:16
“Quean locked in Kains. Jew yawning in knot. Knell karagoz! Jainists underlie below inferno.” ——（译文）轻佻女孩包围在该隐之辈中，犹太人在难题中遭嘲笑。凶钟唤醒人偶（karagoz，土耳其傀儡人偶），与耆那（与佛教有许多共通点的姊妹宗教）教徒共同躺在地狱底层。（以上系根据判读文字意译）,Highlight,《黑死馆杀人事件》【深刻影响“经营之神”松下幸之助的奇书。詹慕如经典译本】,小栗虫太郎,286,您在第 286 页（位置 #3763-3766）的标注,2022-07-06 14:03:30
PATER! HOMO SUM!,Highlight,《黑死馆杀人事件》【深刻影响“经营之神”松下幸之助的奇书。詹慕如经典译本】,小栗虫太郎,362,您在第 362 页（位置 #4808-4808）的标注,2022-07-06 14:45:24
Only from these figures do they think they have learned anything about him.,Highlight,世界经典文学名著系列:小王子The Little Prince(全英文版),安东尼·德·圣埃克苏佩里,151,您在位置 #151-151的标注,2020-06-18 20:58:32
They are like that. One must not hold it against them. Children should always show great forbearance toward grown-up people.,Highlight,世界经典文学名著系列:小王子The Little Prince(全英文版),安东尼·德·圣埃克苏佩里,159,您在位置 #158-159的标注,2020-06-20 22:46:27
"To those who understand life, that would have given a much greater air of truth to my story.",Highlight,世界经典文学名著系列:小王子The Little Prince(全英文版),安东尼·德·圣埃克苏佩里,163,您在位置 #162-163的标注,2020-06-20 22:48:48
"Not every one has had a friend. And if I forget him, I may become like the grown-ups who are no longer interested in anything but figures ...",Highlight,世界经典文学名著系列:小王子The Little Prince(全英文版),安东尼·德·圣埃克苏佩里,167,您在位置 #166-167的标注,2020-06-20 23:02:09
"forget a friend is sad. Not every one has had a friend. And if I forget him, I may become like the grown-ups who are no longer interested in anything but figures ...",Highlight,世界经典文学名著系列:小王子The Little Prince(全英文版),安东尼·德·圣埃克苏佩里,167,您在位置 #165-167的标注,2020-06-20 23:02:13
"To forget a friend is sad. Not every one has had a friend. And if I forget him, I may become like the grown-ups who are no longer interested in anything but figures ...",Highlight,世界经典文学名著系列:小王子The Little Prince(全英文版),安东尼·德·圣埃克苏佩里,167,您在位置 #165-167的标注,2020-06-20 23:02:17
"if you tame me, then we shall need each other. To me, you will be unique in all the world. To you, I shall be unique in all the world ...""",Highlight,世界经典文学名著系列:小王子The Little Prince(全英文版),安东尼·德·圣埃克苏佩里,640,您在位置 #639-640的标注,2020-07-01 10:00:19
"because it is she that I have watered; because it is she that I have put under the glass globe; because it is she that I have sheltered behind the screen; because it is for her that I have killed the caterpillars (except the two or three that we saved to become butterflies); because it is she that I have listened to, when she grumbled, or boasted, or even sometimes when she said nothing.",Highlight,世界经典文学名著系列:小王子The Little Prince(全英文版),安东尼·德·圣埃克苏佩里,680,您在位置 #677-680的标注,2020-07-01 10:09:34
"""You are beautiful, but you are empty,"" he went on. ""One could not die for you. To be sure, an ordinary passerby would think that my rose looked just like you — the rose that belongs to me. But in herself alone she is more important than all the hundreds of you other roses: because it is she that I have watered; because it is she that I have put under the glass globe; because it is she that I have sheltered behind the screen; because it is for her that I have killed the caterpillars (except the two or three that we saved to become butterflies); because it is she that I have listened to, when she grumbled, or boasted, or even sometimes when she said nothing. Because she is my rose.",Highlight,世界经典文学名著系列:小王子The Little Prince(全英文版),安东尼·德·圣埃克苏佩里,680,您在位置 #675-680的标注,2020-07-01 10:15:20
"It is only with the heart that one can see rightly; what is essential is invisible to the eye.""",Highlight,世界经典文学名著系列:小王子The Little Prince(全英文版),安东尼·德·圣埃克苏佩里,682,您在位置 #681-682的标注,2020-07-01 10:09:09
只要让人知道，他现在有多么接近目标，他的动机就更强。,Highlight,为什么精英都是动机控(100项职场动机实验，让世界听你的！),【日】池田贵将；郭勇译,197,您在位置 #196-197的标注,2021-06-14 12:11:31
先让心情愉悦起来，再去工作的话，工作效率就会更高，出错率也会下降。,Highlight,为什么精英都是动机控(100项职场动机实验，让世界听你的！),【日】池田贵将；郭勇译,222,您在位置 #221-222的标注,2021-06-14 12:12:51
对于主动性的行为，如果给予奖励的话，反倒会挫伤人的内在动机。,Highlight,为什么精英都是动机控(100项职场动机实验，让世界听你的！),【日】池田贵将；郭勇译,324,您在位置 #323-324的标注,2021-06-14 12:15:46
减少必要动作的数量，可以使人行动加快。增加必要动作的数量，则可使人行动变慢。,Highlight,为什么精英都是动机控(100项职场动机实验，让世界听你的！),【日】池田贵将；郭勇译,349,您在位置 #348-349的标注,2021-06-14 12:18:33
想做的事情，就减少动作的数量；,Highlight,为什么精英都是动机控(100项职场动机实验，让世界听你的！),【日】池田贵将；郭勇译,364,您在位置 #363-364的标注,2021-06-14 12:19:04
想做的事情，则增加动作的数量。,Highlight,为什么精英都是动机控(100项职场动机实验，让世界听你的！),【日】池田贵将；郭勇译,364,您在位置 #364-364的标注,2021-06-14 12:19:09
不想做的事情，则增加动作的数量。,Highlight,为什么精英都是动机控(100项职场动机实验，让世界听你的！),【日】池田贵将；郭勇译,364,您在位置 #364-364的标注,2021-06-14 12:19:12
在背后议论别人，不管好的还是坏的，最终都会反弹到自己身上。,Highlight,为什么精英都是动机控(100项职场动机实验，让世界听你的！),【日】池田贵将；郭勇译,407,您在位置 #406-407的标注,2021-06-14 12:20:40
从自己的嘴里只流出溢美之词，和批评、诋毁保持距离。,Highlight,为什么精英都是动机控(100项职场动机实验，让世界听你的！),【日】池田贵将；郭勇译,422,您在位置 #422-422的标注,2021-06-14 12:24:52
自己与自己比较，人更容易付出努力。和别人比较则难以产生持久的动机。,Highlight,为什么精英都是动机控(100项职场动机实验，让世界听你的！),【日】池田贵将；郭勇译,436,您在位置 #435-436的标注,2021-06-14 12:25:11
因为我们宁愿不“得到新东西”，也不想“失去现有的东西”。基本上说，我们在生活中更倾向于追求稳定，也就是维持现状。,Highlight,为什么精英都是动机控(100项职场动机实验，让世界听你的！),【日】池田贵将；郭勇译,503,您在位置 #502-503的标注,2021-06-14 12:26:25
想让别人做某件事情的时候，尊重对方的自主性，更容易获得期待的结果。,Highlight,为什么精英都是动机控(100项职场动机实验，让世界听你的！),【日】池田贵将；郭勇译,525,您在位置 #524-525的标注,2021-06-14 12:26:45
“专注性工作”就在大脑专注度高的时间段里完成。“非专注性工作”应该放在大脑专注力下降的时间段里做。,Highlight,为什么精英都是时间控（世界名企谷歌、脸书等都在实践的时间管理术！教你将大脑发挥极致，让工作加速的思考模式！ ） (博集经管商务必读系列),桦泽紫苑,353,您在位置 #352-353的标注,2021-10-27 11:08:21
在专注力高的时间段，做需要高度专注力的工作”。,Highlight,为什么精英都是时间控（世界名企谷歌、脸书等都在实践的时间管理术！教你将大脑发挥极致，让工作加速的思考模式！ ） (博集经管商务必读系列),桦泽紫苑,378,您在位置 #377-378的标注,2021-10-27 11:09:14
人高度专注的状态一般只能持续15分钟，不会超过20分钟。也就是说，15分钟可以看作专注力的一个单位时间。,Highlight,为什么精英都是时间控（世界名企谷歌、脸书等都在实践的时间管理术！教你将大脑发挥极致，让工作加速的思考模式！ ） (博集经管商务必读系列),桦泽紫苑,718,您在位置 #717-718的标注,2021-10-27 11:19:48
人脑比较清醒的90分钟和产生倦意的20分钟会交替来到，形成一个循环。,Highlight,为什么精英都是时间控（世界名企谷歌、脸书等都在实践的时间管理术！教你将大脑发挥极致，让工作加速的思考模式！ ） (博集经管商务必读系列),桦泽紫苑,757,您在位置 #756-757的标注,2021-10-27 11:20:51
当目标没有实现时，人对未完成的课题记忆比较深刻。但目标实现后，人对已经完成的课题，记忆就没那么深刻了。”人们将这种现象称为“蔡戈尼克效应”。,Highlight,为什么精英都是时间控（世界名企谷歌、脸书等都在实践的时间管理术！教你将大脑发挥极致，让工作加速的思考模式！ ） (博集经管商务必读系列),桦泽紫苑,896,您在位置 #894-896的标注,2021-11-21 21:11:51
头脑中产生杂念就把它写出来，写出来后就忘了。,Highlight,为什么精英都是时间控（世界名企谷歌、脸书等都在实践的时间管理术！教你将大脑发挥极致，让工作加速的思考模式！ ） (博集经管商务必读系列),桦泽紫苑,917,您在位置 #916-917的标注,2021-11-22 12:45:14
为工作设定时间限制，仅仅是严格遵守这个时间限制就可以让我们的注意力高度集中，提高工作效率。,Highlight,为什么精英都是时间控（世界名企谷歌、脸书等都在实践的时间管理术！教你将大脑发挥极致，让工作加速的思考模式！ ） (博集经管商务必读系列),桦泽紫苑,1087,您在位置 #1086-1087的标注,2021-11-22 21:34:40
严守时间限制，本身就是一种高效率的工作方法。 严守时间限制的工作方法，说白了就一条，就是在任何情况下都不能推迟设定好的时间限制。,Highlight,为什么精英都是时间控（世界名企谷歌、脸书等都在实践的时间管理术！教你将大脑发挥极致，让工作加速的思考模式！ ） (博集经管商务必读系列),桦泽紫苑,1089,您在位置 #1087-1089的标注,2021-11-22 21:34:48
为了让黄金时间维持更长的时间，早晨我不接收多余的信息，姑且先关闭自己的所有“接收天线”，与外界隔绝，专心工作。,Highlight,为什么精英都是时间控（世界名企谷歌、脸书等都在实践的时间管理术！教你将大脑发挥极致，让工作加速的思考模式！ ） (博集经管商务必读系列),桦泽紫苑,1372,您在位置 #1370-1372的标注,2022-01-05 19:26:54
仅仅30分钟的午睡，就可以让我的大脑和身体得到充分的恢复。,Highlight,为什么精英都是时间控（世界名企谷歌、脸书等都在实践的时间管理术！教你将大脑发挥极致，让工作加速的思考模式！ ） (博集经管商务必读系列),桦泽紫苑,1519,您在位置 #1519-1519的标注,2022-03-13 17:16:00
睡前2个小时千万不能做的事情有吃东西、饮酒、剧烈运动、洗澡水水温过高、视觉系娱乐（玩电子游戏、看电影等）、看闪亮的东西（看手机、看电脑、看电视等）、待在灯光过于明亮的场所（特别是使用荧光灯的便利店、公司办公室等）。,Highlight,为什么精英都是时间控（世界名企谷歌、脸书等都在实践的时间管理术！教你将大脑发挥极致，让工作加速的思考模式！ ） (博集经管商务必读系列),桦泽紫苑,1992,您在位置 #1989-1992的标注,2022-04-16 15:33:57
反过来，睡前2个小时适宜享受放松。比如，听音乐、闻香薰灯、非视觉系娱乐、和家人聊天、爱抚宠物、使身体放松的轻微运动、温水浴、读书等。,Highlight,为什么精英都是时间控（世界名企谷歌、脸书等都在实践的时间管理术！教你将大脑发挥极致，让工作加速的思考模式！ ） (博集经管商务必读系列),桦泽紫苑,1994,您在位置 #1992-1994的标注,2022-04-16 15:34:03
自觉的个性的消失，以及感情和思想转向一个不同的方向，是就要变成组织化群体的人所表现出的首要特征，但这不一定总是需要一些个人同时出现在一个地点。,Highlight,乌合之众：大众心理研究,古斯塔夫.勒庞,945,Your Highlight at location 943-945,2019-09-09 09:40:00
无意识现象不但在有机体的生活中，而且在智力活动中，都发挥着一种完全压倒性的作用。,Highlight,乌合之众：大众心理研究,古斯塔夫.勒庞,978,Your Highlight at location 977-978,2019-09-09 09:36:55
在集体心理中，个人的才智被削弱了，从而他们的个性也被削弱了。异质性被同质性所吞没，无意识的品质占了上风。,Highlight,乌合之众：大众心理研究,古斯塔夫.勒庞,990,Your Highlight at location 989-990,2019-09-09 09:37:33
群体是个无名氏，因此也不必承担责任。这样一来，总是约束着个人的责任感便彻底消失了。,Highlight,乌合之众：大众心理研究,古斯塔夫.勒庞,1000,Your Highlight at location 999-1000,2019-09-09 09:37:54
有意识人格的消失，无意识人格的得势，思想和感情因暗示和相互传染作用而转向一个共同的方向，以及立刻把暗示的观念转化为行动的倾向，是组成群体的个人所表现出来的主要特点。他不再是他自己，他变成了一个不再受自己意志支配的玩偶。,Highlight,乌合之众：大众心理研究,古斯塔夫.勒庞,1020,Your Highlight at location 1018-1020,2019-09-09 09:41:02
群体在智力上总是低于孤立的个人，但是从感情及其激起的行动这个角度看，群体可以比个人表现得更好或更差，这全看环境如何。一切取决于群体所接受的暗示具有什么性质。,Highlight,乌合之众：大众心理研究,古斯塔夫.勒庞,1035,Your Highlight at location 1033-1035,2019-09-09 09:42:00
孤立的个人具有主宰自己的反应行为的能力，群体则缺乏这种能力。,Highlight,乌合之众：大众心理研究,古斯塔夫.勒庞,1059,Your Highlight at location 1058-1059,2019-09-09 10:26:05
群体可以转瞬之间就从最血腥的狂热变成最极端的宽宏大量和英雄主义。群体,Highlight,乌合之众：大众心理研究,古斯塔夫.勒庞,1062,Your Highlight at location 1061-1062,2019-09-09 10:26:28
很容易做出刽子手的举动，同样也很容易慷慨赴义。正是群体，为每一种信仰的胜利而不惜血流成河。,Highlight,乌合之众：大众心理研究,古斯塔夫.勒庞,1063,Your Highlight at location 1062-1063,2019-09-09 10:26:36
在群体中间，傻瓜、低能儿和心怀妒忌的人，摆脱了自己卑微无能的感觉，会感觉到一种残忍、短暂但又巨大的力量。,Highlight,乌合之众：大众心理研究,古斯塔夫.勒庞,1196,Your Highlight at location 1195-1196,2019-09-09 10:41:26
群体因为夸大自己的感情，因此它只会被极端感情所打动。希望感动群体的演说家，必须出言不逊，信誓旦旦。夸大其辞、言之凿凿、不断重复，绝对不以说理的方式证明任何事情——这些都是公众集会上的演说家惯用的论说技巧。,Highlight,乌合之众：大众心理研究,古斯塔夫.勒庞,1203,Your Highlight at location 1200-1203,2019-09-09 10:41:52
随着时机不同，群体会处在它的理解力所及的不同观念之一的影响之下，因此能够干出大相径庭的事情。群体完全缺乏批判精神，因此也察觉不到这些矛盾。,Highlight,乌合之众：大众心理研究,古斯塔夫.勒庞,1302,Your Highlight at location 1300-1302,2019-09-09 10:52:25
群体推理的特点，是把彼此不同、只在表面上相似的事物搅在一起，并且立刻把具体的事物普遍化。,Highlight,乌合之众：大众心理研究,古斯塔夫.勒庞,1340,Your Highlight at location 1340-1340,2019-09-09 10:53:41
影响民众想象力的，并不是事实本身，而是它们发生和引起注意的方式。如果让我表明看法的话，我会说，必须对它们进行浓缩加工，它们才会形成一种令人瞠目结舌的惊人形象。掌握了影响群众想象力的艺术，也就掌握了统治他们的艺术。,Highlight,乌合之众：大众心理研究,古斯塔夫.勒庞,1392,Your Highlight at location 1389-1392,2019-09-09 10:55:53
它也有着巨大的作用。一些重大的要素，譬如种族，也取决于它，没有它便无法形成。它引起一切信仰的诞生、成长和死亡。它们获得力量靠的是时间，失去力量也是因为时间。,Highlight,乌合之众：大众心理研究,古斯塔夫.勒庞,1551,Your Highlight at location 1550-1551,2019-09-09 11:01:15
从来不考虑是否严谨对称，更多地是考虑它的方便实用；从来不单纯以不一致为由去消除不一致；除非感到有所不满，绝对不加以变革；除非能够消除这种不满，绝对不进行革新；除了针对具体情况必须提供的条款之外，绝对不制定任何范围更大的条款——,Highlight,乌合之众：大众心理研究,古斯塔夫.勒庞,1584,Your Highlight at location 1582-1584,2019-09-09 11:05:12
把一种语法或一篇纲要牢记在心，重复得好，模仿也出色——这实在是一种十分可笑的教育方式，它的每项工作都是一种信仰行为，即默认教师不可能犯错误。这种教育的唯一结果，就是贬低自我，让我们变得无能。”,Highlight,乌合之众：大众心理研究,古斯塔夫.勒庞,1622,Your Highlight at location 1620-1622,2019-09-09 11:07:58
因此，它只能把饭碗只给先来的，剩下的便全都成了它的敌人。从社会金字塔的最高层到最低层，从最卑贱的小秘书到教授和警察局长，有大量吹嘘文凭的人在围攻各种职位，商人想找到一个代他处理殖民地生意的人难上加难，成千上万的人却在谋求最平庸的官差。只在塞纳一地，就有两万名男女教师失业，他们全都蔑视农田或工场，只想从国家那儿讨生计。被选中的人数是有限的，因此肯定有大量心怀不满的人。他们随时会参与任何革命，不管它的头领是谁，也不管它有什么目标。可以说，掌握一些派不上用场的知识，是让人造反的不二法门。[8],Highlight,乌合之众：大众心理研究,古斯塔夫.勒庞,1638,Your Highlight at location 1632-1638,2019-09-09 11:09:55
必须废除我们那些可恶的教科书和可悲的考试，代之以勤劳的教育，它能够劝导我们的年轻人回到田野和工场，回到他们今天不惜任何代价逃避的殖民地事业。,Highlight,乌合之众：大众心理研究,古斯塔夫.勒庞,1640,Your Highlight at location 1639-1640,2019-09-09 11:10:04
共和国本质上是一种贵族统治的制度，是由一小撮团结一致的小暴君统治着一群绝对服从的奴隶构成的制度。这些建立在奴隶制上的集体贵族统治，没了这种奴隶制一天也不能存在。,Highlight,乌合之众：大众心理研究,古斯塔夫.勒庞,1744,Your Highlight at location 1742-1744,2019-09-09 11:14:42
一切文明的主要动力并不是理性，倒不如说，尽管存在着理性，文明的动力仍然是各种感情——譬如尊严、自我牺牲、宗教信仰、爱国主义以及对荣誉的爱。,Highlight,乌合之众：大众心理研究,古斯塔夫.勒庞,1853,Your Highlight at location 1851-1853,2019-09-09 11:24:57
社会主义信条就出现了这种现象，它正在被那些会成为它首批牺牲者的人所接受。传染的威力是如此巨大，在它的作用下，甚至个人利益的意识也会消失得无影无踪。,Highlight,乌合之众：大众心理研究,古斯塔夫.勒庞,1981,Your Highlight at location 1979-1981,2019-09-11 09:41:19
谁也不想证实这些判断，每个人最后都会重复他从学校里学到的东西，直到出现一些再没人敢于说三道四的称号和事物。,Highlight,乌合之众：大众心理研究,古斯塔夫.勒庞,2008,Your Highlight at location 2007-2008,2019-09-11 09:44:11
名望的特点就是阻止我们看到事物的本来面目，让我们的判断力彻底麻木。群众就像个人一样，总是需要对一切事情有现成的意见。这些意见的普遍性与它们是对是错全无关系，它们只受制于名望。,Highlight,乌合之众：大众心理研究,古斯塔夫.勒庞,2012,Your Highlight at location 2011-2012,2019-09-11 09:44:26
人类所知道的唯一真正的暴君，历来就是他们对死人的怀念或他们为自己编织出来的幻觉。,Highlight,乌合之众：大众心理研究,古斯塔夫.勒庞,2137,Your Highlight at location 2136-2137,2019-09-11 10:29:19
社会主义的幸福理想是要在现世得到落实，因而只要有人想努力实现这种理想，它的许诺的空洞无物立刻就会暴露无遗，从而使这种新信仰身败名裂。因此，它的力量的增长也只能到它获得胜利，开始实现自身的那天为止。,Highlight,乌合之众：大众心理研究,古斯塔夫.勒庞,2142,Your Highlight at location 2140-2142,2019-09-11 10:30:24
犯罪群体的一般特征与我们在所有群体中看到的特征并无不同：易受怂恿，轻信，易变，把良好或恶劣的感情加以夸大，表现出某种道德，等等。,Highlight,乌合之众：大众心理研究,古斯塔夫.勒庞,2397,Your Highlight at location 2396-2397,2019-09-16 14:02:47
在某些民族中，一切自由受到了越来越多的限制，尽管表面上的许可使它们产生一种幻觉，以为自己还拥有这些自由。它们的衰老在造成这种情况上所起的作用，至少和任何具体的制度一样大。这是直到今天任何文明都无法逃脱的衰落期的不祥先兆之一。,Highlight,乌合之众：大众心理研究,古斯塔夫.勒庞,2798,Your Highlight at location 2796-2798,2019-09-16 14:28:35
地板上升起，从破烂死灰的连壁地毯下升起。它从残破的厨房用具中，从这些日子里从未正常运转过的机器中一跃而出。它从客厅里当摆设的立式台灯里缓缓渗出，从布满死苍蝇的天花板上悄悄落下。它设法从他视野中的所有物件里冒了出来，就好像它——寂静——已经打定主意，要取代所有看得见摸得着的东西。它不但攻击他的耳朵，还进犯他的眼睛。他站在关掉的电视旁边，感觉到寂静不仅是看得见的，而且是活生生的。活生生的！他已经习惯了它直来直去的风格，呼啸而来，毫不掩饰，迫不及待。这个世界的寂静再也抑制不住贪婪，尤其是在它已经几乎赢得整个世界的时候。,Highlight,仿生人会梦见电子羊吗？ (菲利普•迪克作品集),菲利普•迪克,226,您在位置 #220-226的标注,2020-03-20 11:04:25
在这无孔不入、没心没肺、沛然霸道的死寂中，竟然对自己的死期有了小小的期待。,Highlight,仿生人会梦见电子羊吗？ (菲利普•迪克作品集),菲利普•迪克,232,您在位置 #231-232的标注,2020-03-20 11:05:14
移情能力模糊了捕食者和被猎者、成功者和失败者之间的界限。,Highlight,仿生人会梦见电子羊吗？ (菲利普•迪克作品集),菲利普•迪克,337,您在位置 #337-337的标注,2020-04-05 23:35:27
只要有某个生命经历了快乐，所有其他生命的体验就都会包含一丝快乐。但要是任何一个生命感受到痛苦，那其他生命也就挥不去那一片阴影。像人这样的群居动物，有了移情能力之后，生存率会显著提高。但对于猫头鹰和眼镜蛇，移情则意味着毁灭。,Highlight,仿生人会梦见电子羊吗？ (菲利普•迪克作品集),菲利普•迪克,341,您在位置 #339-341的标注,2020-04-05 23:35:40
“这就是基皮第一定律，”他说，“‘基皮驱逐非基皮’。就像格拉舍姆的劣币驱逐良币定律。那些空房间里头，没有活人在抵抗基皮。”,Highlight,仿生人会梦见电子羊吗？ (菲利普•迪克作品集),菲利普•迪克,702,您在位置 #701-702的标注,2020-04-07 23:03:14
表演总会结束，演员会死去，乐曲的最后一个音符也会沉默。最终，“莫扎特”这个名字也会消失，尘埃会取得最后胜利，,Highlight,仿生人会梦见电子羊吗？ (菲利普•迪克作品集),菲利普•迪克,1042,您在位置 #1041-1042的标注,2020-04-11 07:16:43
不管去哪里，你都不得不做一些错事。这是生命的基本条件，要求你违背自己认同的身份。在某些时候，每个活着的生命都必须这么做。这就是终极的阴影，造物的缺陷。这是终极诅咒，那个吞噬所有生命的诅咒。整个宇宙都是这样。”,Highlight,仿生人会梦见电子羊吗？ (菲利普•迪克作品集),菲利普•迪克,1891,您在位置 #1889-1891的标注,2020-04-23 10:29:20
它们只会识时务地机械地接受即将到来的毁灭，而真正的生命——在二十亿年的生存压力下进化出来的生命——永远不会就这样认命。,Highlight,仿生人会梦见电子羊吗？ (菲利普•迪克作品集),菲利普•迪克,2120,您在位置 #2119-2120的标注,2020-05-05 17:44:07
因为人不吃饭就会死，所以才不得不工作，不得不吃饭。对我而言，再没有比这句话更抽象难懂、更带有威胁性的了。,Highlight,作家榜经典：人间失格,太宰治,63,Your Highlight at location 62-63,2019-09-16 14:37:32
一旦被别人恶言相向，我便觉得别人言之有理，都是自己的错，总是默默地承受别人的攻击，内心感到快要发疯的恐惧。 无论是谁，受人责备或训斥时，心里都会感到不是滋味，但我能从人们暴怒的脸上，发现比狮子、鳄鱼、巨龙还要可怕的动物本性。平常他们说不定都隐藏着这种本性，可一有机会，他们就像温顺地卧在地上歇息的牛，会突然甩动尾巴拍死肚皮上的牛虻一样，在暴怒中暴露出人可怕的本性。看到这一幕，我总是吓得浑身打战。可一旦想到这种本性说不定也是人类活下去的手段之一，我便对自己彻底绝望。,Highlight,作家榜经典：人间失格,太宰治,89,Your Highlight at location 84-89,2019-09-16 14:38:58
一旦被人问起想要什么，刹那间，我反而什么都不想要了。,Highlight,作家榜经典：人间失格,太宰治,104,Your Highlight at location 104-104,2019-09-16 14:39:48
对讨厌的事不能说讨厌，对喜欢的事情也像行窃一样战战兢兢，从而在极度苦涩的滋味和难以言表的痛苦中苦闷得不能自拔。总之，我缺乏在喜欢与厌恶二者之间的选择能力。我想，多年来，恰恰是这种性格，才是我所谓“羞耻无数”的人生的重要原因。,Highlight,作家榜经典：人间失格,太宰治,108,Your Highlight at location 105-108,2019-09-16 14:41:21
无论是诉诸父母，还是诉诸警察，抑或政府，最终不是仍然败给那些老谋深算者的冠冕之词吗？,Highlight,作家榜经典：人间失格,太宰治,150,Your Highlight at location 149-150,2019-09-16 14:43:28
控诉他人的手段于我永远是无法期待的。无论是诉诸父母，还是诉诸警察，抑或政府，最终不是仍然败给那些老谋深算者的冠冕之词吗？,Highlight,作家榜经典：人间失格,太宰治,150,Your Highlight at location 149-150,2019-09-16 14:43:33
世间的不公平是必然存在的，我十分清楚。归根结底，诉诸他人终究都是徒劳。,Highlight,作家榜经典：人间失格,太宰治,151,Your Highlight at location 150-151,2019-09-16 14:43:37
彼此欺骗，却又神奇地彼此毫发无伤，就像没有察觉到互相欺骗一样，这种显而易见、通透明朗的不信任案例，在人类的生活中比比皆是。,Highlight,作家榜经典：人间失格,太宰治,162,Your Highlight at location 161-162,2019-09-16 14:44:23
我实在难以理解那些彼此欺骗，却又能通透明朗地活着，以及有信心活下去的人。,Highlight,作家榜经典：人间失格,太宰治,164,Your Highlight at location 163-164,2019-09-16 14:44:52
对人类极度恐惧的人，反而更希望见识一下可怕的妖怪心理，与越是神经质的胆怯之人，越是祈望暴风雨来得更猛烈的心理如出一辙。,Highlight,作家榜经典：人间失格,太宰治,273,Your Highlight at location 272-273,2019-09-16 14:49:48
我不相信神的恩宠，只相信神的惩罚。所谓的信仰，不过是为了接受神的鞭笞，而俯首走向审判台。我相信地狱，但不相信天国的存在。,Highlight,作家榜经典：人间失格,太宰治,729,Your Highlight at location 728-729,2019-09-16 15:11:14
“‘现在人类社会的法律中，禁止暴力攻击他人，可是令人震惊的是语言暴力没有被禁止。语言暴力是合法的。理所当然的，使用它的人就有很多。你的人生里所承受最多的就是语言暴力。这是最常见的问题，所以必须要找到解决方法才行。,Highlight,侦探AI,早坂吝,1097,您在位置 #1095-1097的标注,2021-07-04 19:45:27
“人惟有恐惧的时候方能勇敢。”父亲告诉他，“你知道为什么我要杀他？”,Highlight,冰与火之歌卷一：1权力的游戏（上）,乔治 R•R•马丁(Martin.G.R.R.),309,Your Highlight at location 308-309,2019-09-02 16:50:19
如果你要取人性命，至少应该注视他的双眼，聆听他的临终遗言。倘若做不到这点，那么或许他罪不致死。”,Highlight,冰与火之歌卷一：1权力的游戏（上）,乔治 R•R•马丁(Martin.G.R.R.),316,Your Highlight at location 315-316,2019-09-02 16:50:51
统治者若是躲在幕后，付钱给刽子手执行，很快就会忘记死亡为何物。”,Highlight,冰与火之歌卷一：1权力的游戏（上）,乔治 R•R•马丁(Martin.G.R.R.),319,Your Highlight at location 318-319,2019-09-02 16:51:10
国王做梦，”他说，“首相筑梦。”,Highlight,冰与火之歌卷一：1权力的游戏（上）,乔治 R•R•马丁(Martin.G.R.R.),804,Your Highlight at location 804-804,2019-09-03 10:39:27
“有人说这里的冬天太冷，人若是笑了，声音会冻结在喉咙里，直到把人活活噎死。”奈德平静地说，“或许这就是为什么我们史塔克家人甚少有幽默感。”,Highlight,冰与火之歌卷一：1权力的游戏（上）,乔治 R•R•马丁(Martin.G.R.R.),809,Your Highlight at location 807-809,2019-09-03 10:39:43
永远不要忘记自己是谁，因为这个世界不会忘记。你要化阻力为助力，如此一来才没有弱点。用它来武装自己，就没有人可以用它来伤害你。”,Highlight,冰与火之歌卷一：1权力的游戏（上）,乔治 R•R•马丁(Martin.G.R.R.),957,Your Highlight at location 955-957,2019-09-03 10:57:44
不过人若要保持思路清晰锐利，就得多读书，就好像宝剑需要磨刀石一样。”,Highlight,冰与火之歌卷一：1权力的游戏（上）,乔治 R•R•马丁(Martin.G.R.R.),1973,Your Highlight at location 1972-1973,2019-09-03 14:01:02
一旦别人发现绰号对你的杀伤力，这绰号就跟定你啦。既然他们爱给你起绰号，你就大大方方地接受，最好还装出乐在其中的样子，那他们就再也伤不了你了。”,Highlight,冰与火之歌卷一：1权力的游戏（上）,乔治 R•R•马丁(Martin.G.R.R.),2932,Your Highlight at location 2931-2932,2019-09-03 14:41:04
我们就是应该借鉴他人，改正自己。也就是说并不是往下看，而是要抬头看伸手够不着的高处。人如果没有‘自己必须到那里去’的决心的话，就只会一直堕落下去而已！”,Highlight,凉宫春日的分裂,谷川流,174,您在第 174 页（位置 #2663-2664）的标注,2020-05-13 05:42:49
得有似曾相识的感觉，那么首先就要逆向思考，只有这样才有可能产生新的东西，对吧？”,Highlight,凉宫春日的愤慨,谷川流,2,您在第 2 页（位置 #21-21）的标注,2020-03-10 22:57:09
所谓的智慧。” 她停了一会，继续说到。 “是根据自身对收集回来的、积蓄来的资讯的处理能力水平而判定的。”,Highlight,凉宫春日的愤慨,谷川流,158,您在第 158 页（位置 #2411-2413）的标注,2020-03-13 12:10:52
这些年轻又充满朝气的学生，抬头挺胸地走在红砖道上，他们一定都有着充实的童年生活吧。他们从小相信世界上真的有灰姑娘和阿拉丁神灯的存在，并透过龙猫了解到自然生态保护的重要性。,Highlight,剪刀男【独家首发！被誉为“日本百年最佳推理小说top10”！横扫日本榜单！豆瓣8.3，评论超七千！同名电影由东野圭吾御用男主角阿部宽领衔主演，火爆全球！】 (千本樱文库),殊能将之,374,您在位置 #372-374的标注,2022-01-24 21:21:45
遇到DTP①科技的叛变也束手无策。对于科技这种东西，不留心是不行的，因为它们是违反动物本能的。,Highlight,剪刀男【独家首发！被誉为“日本百年最佳推理小说top10”！横扫日本榜单！豆瓣8.3，评论超七千！同名电影由东野圭吾御用男主角阿部宽领衔主演，火爆全球！】 (千本樱文库),殊能将之,432,您在位置 #430-432的标注,2022-01-24 21:23:55
对于科技这种东西，不留心是不行的，因为它们是违反动物本能的。,Highlight,剪刀男【独家首发！被誉为“日本百年最佳推理小说top10”！横扫日本榜单！豆瓣8.3，评论超七千！同名电影由东野圭吾御用男主角阿部宽领衔主演，火爆全球！】 (千本樱文库),殊能将之,432,您在位置 #431-432的标注,2022-01-24 21:23:59
自杀未遂的人之所以被人讨厌有两个原因。第一个原因是他们通过自杀的手段企图支使他人。最典型的例子，就是那种会大叫要分手的话不如让我死了，然后用剃刀划自己手腕的人。他们觉得自己敢尝试自杀这种别人不敢做的事情，所以大家都得听他的，以自杀行为要别人接受他这种歪理。”,Highlight,剪刀男【独家首发！被誉为“日本百年最佳推理小说top10”！横扫日本榜单！豆瓣8.3，评论超七千！同名电影由东野圭吾御用男主角阿部宽领衔主演，火爆全球！】 (千本樱文库),殊能将之,509,您在位置 #507-509的标注,2022-01-25 22:02:59
可以吃下任何东西而死，却不可能因为不吃任何东西而死。,Highlight,剪刀男【独家首发！被誉为“日本百年最佳推理小说top10”！横扫日本榜单！豆瓣8.3，评论超七千！同名电影由东野圭吾御用男主角阿部宽领衔主演，火爆全球！】 (千本樱文库),殊能将之,603,您在位置 #602-603的标注,2022-01-26 08:19:56
我的心里，一片空虚。 我的外在，也是一片空虚。 有两种不同的空虚，而两者之间的界线，就是我。,Highlight,剪刀男【独家首发！被誉为“日本百年最佳推理小说top10”！横扫日本榜单！豆瓣8.3，评论超七千！同名电影由东野圭吾御用男主角阿部宽领衔主演，火爆全球！】 (千本樱文库),殊能将之,1356,您在位置 #1355-1356的标注,2022-02-01 13:32:44
“死亡和睡眠就像亲兄弟的意思，最早提出这种说法的是古希腊诗人荷马（Homeros），而这两个字的确非常相近。名词的‘死亡’和‘睡眠’、动词的‘死’和‘睡’、描述状态的‘死亡了’和‘睡着了’都有彼此对应的词汇，但是在描述死亡状态的词里，却找不到像‘困的’一样的形容词。,Highlight,剪刀男【独家首发！被誉为“日本百年最佳推理小说top10”！横扫日本榜单！豆瓣8.3，评论超七千！同名电影由东野圭吾御用男主角阿部宽领衔主演，火爆全球！】 (千本樱文库),殊能将之,1734,您在位置 #1732-1734的标注,2022-02-08 21:13:16
白云之上如果就是天堂，那么降下来的为什么是雨，而不是金币或宝石？难道天堂里都是水吗？”,Highlight,剪刀男【独家首发！被誉为“日本百年最佳推理小说top10”！横扫日本榜单！豆瓣8.3，评论超七千！同名电影由东野圭吾御用男主角阿部宽领衔主演，火爆全球！】 (千本樱文库),殊能将之,1755,您在位置 #1754-1755的标注,2022-02-08 21:15:11
为什么人类总是喜欢把潜意识比喻成下面、深处的、最底层、阴暗的角落？我想那不过是因为人类生活在阳光之下、地面之上的关系而已。如果是土拨鼠，一定会觉得潜意识是在上面、光亮的地方。”,Highlight,剪刀男【独家首发！被誉为“日本百年最佳推理小说top10”！横扫日本榜单！豆瓣8.3，评论超七千！同名电影由东野圭吾御用男主角阿部宽领衔主演，火爆全球！】 (千本樱文库),殊能将之,1766,您在位置 #1764-1766的标注,2022-02-08 21:15:54
矶部心想，他身为一个警察，怎么可以没有看过就一味瞧不起推理小说？这不就像银行员瞧不起经济小说、谈恋爱的人瞧不起爱情小说、野兔瞧不起童话故事？,Highlight,剪刀男【独家首发！被誉为“日本百年最佳推理小说top10”！横扫日本榜单！豆瓣8.3，评论超七千！同名电影由东野圭吾御用男主角阿部宽领衔主演，火爆全球！】 (千本樱文库),殊能将之,2017,您在位置 #2016-2017的标注,2022-02-08 21:25:06
都想找到自己能够认同的理由，不愿意接受没有任何原因就杀人的事实。即使确实有这样的人出现，大家还是想找出任何意义或是理由，深入探索无动机杀人魔的心理状况。”,Highlight,剪刀男【独家首发！被誉为“日本百年最佳推理小说top10”！横扫日本榜单！豆瓣8.3，评论超七千！同名电影由东野圭吾御用男主角阿部宽领衔主演，火爆全球！】 (千本樱文库),殊能将之,2088,您在位置 #2087-2088的标注,2022-02-08 21:27:58
“人之所以不杀人，只是因为一些微不足道的原因，像是亲眼目睹死亡时的不快感、血液的味道令人恶心、触摸到尸体时的阴森感等等的琐碎理由，而不是什么伦理道德。这样的观念，只要简单的一个翻转，就会引起错乱的喜悦。因为违反禁忌，所以愉悦；因为脱离常轨，所以喜悦；因为错乱，而以为自己是特殊的存在。像这样的人，满街都是。”,Highlight,剪刀男【独家首发！被誉为“日本百年最佳推理小说top10”！横扫日本榜单！豆瓣8.3，评论超七千！同名电影由东野圭吾御用男主角阿部宽领衔主演，火爆全球！】 (千本樱文库),殊能将之,3268,您在位置 #3265-3268的标注,2022-02-10 22:59:15
抬头看看天空，你看到的是伊米尔的头盖骨内壁。晚上看到的恒星、行星、彗星和流星，都是从穆斯帕尔飞溅起的火花。你白天看到的云彩是什么？它们曾是伊米尔的脑子，哪怕到了现在，谁又知道它们在想什么呢？,Highlight,北欧众神,尼尔·盖曼,184,Your Highlight on page 14 | location 182-184,2019-09-27 11:01:52
命运女神诸诺恩在那儿，聪慧的三姐妹看守着这眼泉水，悉心照顾它，并让泥土包裹着伊格德拉西尔的树根。这眼泉属于乌尔德，她是命数，是命运，是你的过去。和她一起的是维尔丹尼，她的名字意味着“正在形成”——她是现在。还有斯古尔特，她的名字意味着“那些想要的”，她代表着未来。这些诺恩们会决定你的生命。,Highlight,北欧众神,尼尔·盖曼,236,Your Highlight on page 22 | location 233-236,2019-09-27 11:03:14
洛基就是这样。哪怕在你最心怀感激的时候，你也是恨他的；而哪怕在你最恨他的时候，你也仍然要感激他。,Highlight,北欧众神,尼尔·盖曼,444,Your Highlight on page 46 | location 443-444,2019-09-27 11:11:55
这个孩子将成为最深的黑暗地域的统领者，九大世界所有死者的统领者。她将是那些没能英勇战死在战场上的可怜死者魂魄的皇后，所有死于疾病、年迈、事故或生产的亡灵的皇后。在战斗中英勇死去的战士当然将进入瓦尔海拉。但那些死于其他死法的，则将变成她的子民，在黑暗中服侍她。”,Highlight,北欧众神,尼尔·盖曼,688,Your Highlight on page 72 | location 685-688,2019-09-27 13:48:44
兄弟相杀。父子互戮。母女彼此背叛。姐妹们在战斗中反目成仇，并冷眼看待她们的子女相残。,Highlight,北欧众神,尼尔·盖曼,2303,Your Highlight on page 238 | location 2302-2303,2019-09-29 09:42:41
这将是残忍当道的年代，是人化身豺狼、将彼此视作猎物的年代，是人和野兽毫无区分的年代。黄昏降临于世，人们居住的地方将成为废墟。它们会被火焰短暂地吞噬，然后以摧枯拉朽之势坍塌成为灰烬。,Highlight,北欧众神,尼尔·盖曼,2305,Your Highlight on page 238 | location 2303-2305,2019-09-29 09:42:53
这不是一切的终结。一切不会终结。这只是旧时代的终结，洛基，这也就是新时代的开始。重生总随死亡而来。你败了。”,Highlight,北欧众神,尼尔·盖曼,2393,Your Highlight on page 245 | location 2392-2393,2019-09-29 09:47:14
这就是世界将如何终结的故事，在灰尘和洪水之中，在黑暗和寒冰之中。这就是众神最终的命运。,Highlight,北欧众神,尼尔·盖曼,2403,Your Highlight on page 246 | location 2402-2403,2019-09-29 09:50:23
其实“一见钟情”换言之也就是“只看到女孩子的外表”呢——她的名字、她的性格、她喜欢什么样的电影、常去什么样的小店，以及怀有什么样的梦想……连这些都还全然不知就喜欢上对方，根本就属于自说自话、一厢情愿。因此我不认为这是真正的恋爱之情；而真正的恋爱，我想，一定得醉心于对方心灵。,Highlight,午夜零点的灰姑娘【日本重量奖”第3届蔷薇之城福山推理小说“新人奖作品！8段访谈揭开一个家庭的诡异真相，媲美凑佳苗《告白》、宫部美雪《理由》的致郁文学！读到最后才会抵达终点的悬疑！】 (千本樱文库),相泽沙呼,71,您在位置 #68-71的标注,2022-07-26 15:59:40
我认为自杀就是这么一回事。人一死，就没法对任何人回话，即是把全部都推卸给活着的人，之后便什么都不管，和自闭‘家里蹲’是一个性质的。等于在说‘我的事已经无所谓了，你们怎么想都可以，这是你们的自由’。”,Highlight,午夜零点的灰姑娘【日本重量奖”第3届蔷薇之城福山推理小说“新人奖作品！8段访谈揭开一个家庭的诡异真相，媲美凑佳苗《告白》、宫部美雪《理由》的致郁文学！读到最后才会抵达终点的悬疑！】 (千本樱文库),相泽沙呼,201,您在第 201 页（位置 #2848-2850）的标注,2022-08-19 22:27:53
因此，不必因为无法靠语言与对方心意互通的可能性而感到犹豫，失败也是常有的。然而，我们是生于不完美世界的不完美之人，所以必定会遭遇失败。届时，只要一点点学习各种事物，而后待下次发挥即可。说来有些难为情，确实，这也许只是幼稚的理想主义，因此我们有时就是会徒劳行事，会被刺伤内心，会在不可靠的道路上前行。[34],Highlight,午夜零点的灰姑娘【日本重量奖”第3届蔷薇之城福山推理小说“新人奖作品！8段访谈揭开一个家庭的诡异真相，媲美凑佳苗《告白》、宫部美雪《理由》的致郁文学！读到最后才会抵达终点的悬疑！】 (千本樱文库),相泽沙呼,243,您在第 243 页（位置 #3475-3479）的标注,2022-08-19 22:46:09
即使做了这些，或许也不会有任何改变。可是，不付诸尝试便无法知道结果，不诉诸语言便无法传达心意——毕竟，人类就是如此笨拙。 不需要有什么特别的理由，我们有时只因日常遭遇的点滴小事便会深受伤害，会背负起无法忘却的伤痛。这样的人有许多，,Highlight,午夜零点的灰姑娘【日本重量奖”第3届蔷薇之城福山推理小说“新人奖作品！8段访谈揭开一个家庭的诡异真相，媲美凑佳苗《告白》、宫部美雪《理由》的致郁文学！读到最后才会抵达终点的悬疑！】 (千本樱文库),相泽沙呼,243,您在第 243 页（位置 #3472-3475）的标注,2022-08-19 22:47:00
那么，成长是多么罪孽深重啊。 杀了过去的某个人，养育了与自己非常相似的新的某个人，难道不是这种行为的重复吗？,Highlight,君主·埃尔梅罗二世的冒险 Vol.4 炼金术师的遗产（上） - 三田诚,三田诚,2288,Your Highlight at location 2287-2288,2024-08-29 11:32:36
「Look at the sky（仰望苍天）。Embrace your destiny（汝命运之所在）,Highlight,君主·埃尔梅罗二世的冒险 Vol.4 炼金术师的遗产（上） - 三田诚,三田诚,2707,Your Highlight at location 2706-2707,2024-08-30 17:06:55
Green 7（翠之七番）.Red 8（红之八番）.Indigo 9（蓝之九番）.Trinitarian truths overturn the celestial sphere（服从三位一体之戒律）.For your queen（为汝之女王）！,Highlight,君主·埃尔梅罗二世的冒险 Vol.4 炼金术师的遗产（上） - 三田诚,三田诚,2712,Your Highlight at location 2711-2712,2024-08-30 17:07:50
“而且是一位生与死之神。既是植物之神，又因被自己的弟弟杀害而成为了连神都化为虚无的冥界之神。同时，他也是生命之神，管理着尼罗河之水，并通过授予他们托特的智慧来拯救饥饿的人们。库尔德里斯将其视为避免世界灭亡的演算机器是很恰当的。更重要的是，这个神也是第一个成为木乃伊的神。将其伪装在法老的棺材里让其入睡，也可以说是恰当的处理。”,Highlight,君主·埃尔梅罗二世的冒险 Vol.5 炼金术师的遗产（下）,三田 誠;TYPE-MOON;坂本みねぢ,3262,Your Highlight at location 3258-3262,2024-08-31 06:42:04
在此起誓 吾愿成就世间一切之善行 吾愿诛尽世间一切之恶性” 埃尔戈也再次唱起那个咒文。 施展魔力。 将所有的魔力注入手中的杯子。 “汝为身缠三大言灵之七天”,Highlight,君主·埃尔梅罗二世的冒险 Vol.5 炼金术师的遗产（下）,三田 誠;TYPE-MOON;坂本みねぢ,3323,Your Highlight at location 3319-3323,2024-08-31 06:43:05
所谓的好咖啡，即是如恶魔般漆黑、如地狱般滚烫、如天使般纯粹，同时如恋爱般甘甜。,Highlight,咖啡馆推理事件簿系列（全四本）,SoBooKs.cc （日）冈崎琢磨,95,您在位置 #94-95的标注,2022-02-15 22:30:21
要相信自己的直觉，把有趣的、炫酷的、美丽的、可爱的、想要的、想尝试的、能让工作生活更方便的事物和想去的地点不断记录和粘贴在笔记本上。,Highlight,如何有效整理信息（谷臻小简·AI导读版）（本书累计销售超过50万册！只用一册白菜价的笔记本，一网打尽生活中易遗漏的宝贵信息。）,奥野宣之,7,您在第 7 页（位置 #40-42）的标注,2022-10-05 22:18:19
无法拿出笔记本时，可以暂时把要记的东西写在触手可及的纸张上，稍后粘贴在笔记本上。,Highlight,如何有效整理信息（谷臻小简·AI导读版）（本书累计销售超过50万册！只用一册白菜价的笔记本，一网打尽生活中易遗漏的宝贵信息。）,奥野宣之,10,您在第 10 页（位置 #67-68）的标注,2022-10-05 22:19:12
葱鲔火锅式”笔记采访自己 具体做法如下： 1. 将他人的发言、通过观察得到的信息等“来源于外部的信息”标上圈后再逐条书写； 2. 对这些信息产生的感想、自己想说的话，用五角星标记后再写； 3. 不断重复前两项。 能成为知识生产核心的，只有能打动自己的东西，和对其产生问题与想法的主观意识。,Highlight,如何有效整理信息（谷臻小简·AI导读版）（本书累计销售超过50万册！只用一册白菜价的笔记本，一网打尽生活中易遗漏的宝贵信息。）,奥野宣之,13,您在第 13 页（位置 #102-106）的标注,2022-10-05 22:20:44
文件等资料要坚持“只要想不通就先贴上”的原则。根本不需要花时间去考虑要不要贴，只要有想贴的，就干脆利落地贴上去。,Highlight,如何有效整理信息（谷臻小简·AI导读版）（本书累计销售超过50万册！只用一册白菜价的笔记本，一网打尽生活中易遗漏的宝贵信息。）,奥野宣之,16,您在第 16 页（位置 #130-131）的标注,2022-11-21 23:01:45
1. 实线：有意思的、客观重要的部分 2. 波浪线：非常有意思、主观重要的部分；名言、著名台词 3. 圆圈：想记住的重要的专有名词，关键词，关键的数字，等等。 另外，当有什么感想的时候，将其写在旁边空白的,Highlight,如何有效整理信息（谷臻小简·AI导读版）（本书累计销售超过50万册！只用一册白菜价的笔记本，一网打尽生活中易遗漏的宝贵信息。）,奥野宣之,18,您在第 18 页（位置 #144-147）的标注,2022-11-21 23:02:22
推荐的方法是，在日常生活中，要经常写日志，内容包括以下三类。 1. 睡眠时间简化为S 2. 吃过的东西简化为E 3. 读过的书简化为,Highlight,如何有效整理信息（谷臻小简·AI导读版）（本书累计销售超过50万册！只用一册白菜价的笔记本，一网打尽生活中易遗漏的宝贵信息。）,奥野宣之,20,您在第 20 页（位置 #167-169）的标注,2022-11-21 23:02:45
步骤1：收集——积累常识与作为研究课题的知识 步骤2：咀嚼——阅读、回想、深入思考积累的信息 步骤3：发酵——脱离课题，在潜意识层面思考 步骤4：顿悟——创意的诞生，突然之间惊呼“明白了！”“找到了！” 步骤5：具体化——将创意化为成果,Highlight,如何有效整理信息（谷臻小简·AI导读版）（本书累计销售超过50万册！只用一册白菜价的笔记本，一网打尽生活中易遗漏的宝贵信息。）,奥野宣之,23,您在第 23 页（位置 #198-202）的标注,2022-11-22 08:55:30
我希望有一天社会主义能让劳动人民过上好日子，但同时他们也需要获得安慰。”,Highlight,巨人的陨落（读客熊猫君出品，肯福莱特世纪三部曲第一部！全球读者平均3个通宵读完的超级小说巨著！）,肯·福莱特,1214,Your Highlight at location 1213-1214,2019-09-23 16:31:51
我们死在一起，也不能放弃美好生活的希望。”,Highlight,巨人的陨落（读客熊猫君出品，肯福莱特世纪三部曲第一部！全球读者平均3个通宵读完的超级小说巨著！）,肯·福莱特,1615,Your Highlight at location 1614-1615,2019-09-23 16:51:44
从自由的美国人那里学习民主，从狡猾的英国人那里学习外交策略，从时尚的法国人那里学习高雅的生活艺术。,Highlight,巨人的陨落（读客熊猫君出品，肯福莱特世纪三部曲第一部！全球读者平均3个通宵读完的超级小说巨著！）,肯·福莱特,2036,Your Highlight at location 2034-2036,2019-09-24 09:12:33
她的脸庞如洋娃娃一般精致完美，在晦暗的房间里也能看得出那苍白的肤色，更为她增添了一种非生物的印象。黑色长发靠近发梢的地方略带拳曲，呈柔和的波浪形。黑发反射着烛焰的光线，一根根都散发着毛发表层的光泽，似乎仅有这一点，算得上她属于生命体的证据。,Highlight,心灵侦探城塚翡翠,相泽沙呼,141,您在位置 #139-141的标注,2021-06-14 12:33:33
“荣格的集体潜意识论吧，这可能是从人类共通的潜意识底层里相关原型产生的联想。如果这个假设成立，世界各地的人类抱有同样的想象，似乎也不能算特别神奇……”,Highlight,心灵侦探城塚翡翠,相泽沙呼,548,您在位置 #547-548的标注,2021-06-14 12:49:25
“可以做到不杀人的人，只不过是没有遇到那种不幸罢了，人与人之间恐怕并不存在特殊的差别，”香月深深地叹了一口气，“谁都有可能因为一点小事犯下杀戒。有些人不必经历这一切，但那仅仅是运气比较好罢了。我们靠这一点点差别而苟活着。”,Highlight,心灵侦探城塚翡翠,相泽沙呼,1684,您在位置 #1681-1684的标注,2021-06-14 16:09:46
“魔术中最关键的并非戏法本身，而是如何展示戏法。比方说，我和老师第一次碰面的时候，我扮演的是戴着假面的城塚翡翠。当人亲自揭开谜底、发现秘密的时候，总是不会去深思，是不是还有更深一层的迷局或是秘密，真是愚蠢啊。那次老师碰巧发现了在车站前被几个男人搭讪而慌乱的我。于是老师便很偶然地知晓了，‘城塚翡翠’其实戴着一层假面这个秘密。那个带有神秘感的翡翠是假装的，其实她本人对于自己的超能力时常苦恼困惑，是个笨拙但又可爱的孤独女子……这样一来，老师便毫无根据地觉得，我这个人没有更多的秘密了。”,Highlight,心灵侦探城塚翡翠,相泽沙呼,3239,您在位置 #3234-3239的标注,2021-06-15 15:26:45
“魔术中最关键的并非戏法本身，而是如何展示戏法。比方说，我和老师第一次碰面的时候，我扮演的是戴着假面的城塚翡翠。当人亲自揭开谜底、发现秘密的时候，总是不会去深思，是不是还有更深一层的迷局或是秘密，真是愚蠢啊。那次老师碰巧发现了在车站前被几个男人搭讪而慌乱的我。于是老师便很偶然地知晓了，‘城塚翡翠’其实戴着一层假面这个秘密。那个带有神秘感的翡翠是假装的，其实她本人对于自己的超能力时常苦恼困惑，是个笨拙但又可爱的孤独女子……这样一来，老师便毫无根据地觉得，我这个人没有更多的秘密了。”,Highlight,心灵侦探城塚翡翠,相泽沙呼,3239,您在位置 #3234-3239的标注,2021-06-21 22:36:46
“魔术里的这种心理小技巧是不是也可以挪用到推理小说上呢？先提出几个比较简单的谜题，故意让读者自己解读出来，然后引而不发，让故事继续进行，最后展示出完全不同的答案，或是揭示出最大的谜底。”,Highlight,心灵侦探城塚翡翠,相泽沙呼,3242,您在位置 #3240-3242的标注,2021-06-15 15:26:59
“魔法，只有在适当的时机施展出来，才可称其为魔法。,Highlight,心灵侦探城塚翡翠,相泽沙呼,3246,您在位置 #3245-3246的标注,2021-06-15 15:27:18
“在我们所处的日常生活里，并不存在侦探。不会有任何人跳出来仔细嘱咐你：那里不大对劲，这个值得考虑，那个看起来怪怪的……我们在自己所生活的日常里应该去思考什么，应该觉得什么不对，都必须通过自己的眼睛来判断。你看不出哪里不对劲？问题太琐碎所以没有必要思考？不值得思考？真的吗？”,Highlight,心灵侦探城塚翡翠,相泽沙呼,3292,您在位置 #3289-3292的标注,2021-06-15 15:28:58
通往真相的逻辑只有一个，世上并不存在这样的道理。这是个有趣的发现。我不禁开始猜想，这个世上的推理小说里，会不会在侦探所用的方法以外，还存在用隐藏线索确定凶手身份的作品呢？”,Highlight,心灵侦探城塚翡翠,相泽沙呼,3404,您在位置 #3403-3404的标注,2021-06-15 15:33:23
天主认为“人在奋斗时，难免迷误”，但也坚信“善人虽受模糊的冲动驱使，总会意识到正确的道路”。,Highlight,浮士德 (译文名著精选),J.W.歌德 (J.W.Goethe),66,Your Highlight at location 65-66,2019-10-14 10:02:42
人类的活动劲头过于容易放松，他们往往喜爱绝对的安闲”，因此“要给他们弄个同伴，刺激之，鼓舞之，干他恶魔的活动”。这样，恶魔的活动，可以起一种相反相成的促进作用，使人类脱离惰性，永远不断地进行更高的活动，而“进入澄明的境域”。在歌德的《浮士德》中，恶也成了神力的一部分。,Highlight,浮士德 (译文名著精选),J.W.歌德 (J.W.Goethe),71,Your Highlight at location 68-71,2019-10-14 10:02:59
可是在浮士德心中却有两种思想感情的斗争，一种是迷恋于现世的享乐，另一种是想翱翔到超现实的理想世界，,Highlight,浮士德 (译文名著精选),J.W.歌德 (J.W.Goethe),91,Your Highlight at location 90-91,2019-10-14 10:04:17
Most people go through life using up half their energy trying to protect a dignity they never had.,Highlight,漫长的告别(英文版) (字里行间英文经典),雷蒙德·钱德勒 (Raymond Chandler),2425,您在位置 #2424-2425的标注,2020-06-19 09:19:48
"I own newspapers, but I don’t like them. I regard them as a constant menace to whatever privacy we have left. Their constant yelping about a free press means, with a few honorable exceptions, freedom to peddle scandal, crime, sex, sensationalism, hate, innuendo, and the political and financial uses of propaganda. A newspaper is a business out to make money through advertising revenue. That is predicated on its circulation and you know what the circulation depends on.”",Highlight,漫长的告别(英文版) (字里行间英文经典),雷蒙德·钱德勒 (Raymond Chandler),3013,您在位置 #3009-3013的标注,2020-06-19 09:25:36
"You can’t have quality with mass production. You don’t want it because it lasts too long. So you substitute styling, which is a commercial swindle intended to produce artificial obsolescence. Mass production couldn’t sell its goods next year unless it made what it sold this year look unfashionable a year",Highlight,漫长的告别(英文版) (字里行间英文经典),雷蒙德·钱德勒 (Raymond Chandler),3021,您在位置 #3019-3021的标注,2020-06-19 09:30:03
The French have a phrase for it. The bastards have a phrase for everything and they are always right.,Highlight,漫长的告别(英文版) (字里行间英文经典),雷蒙德·钱德勒 (Raymond Chandler),4702,您在位置 #4701-4702的标注,2020-06-19 08:53:31
完全不反映自我的意见和反应（应该）是不存在的。而且自我的意见自然有其一贯性。,Highlight,漫长的告别【你没见过的《漫长的告别》X 村上春树。不删一字呈现原著魅力，村上春树2万字解读，独此一版！】,雷蒙德•钱德勒 (Chandler R.),3,您在第 3 页（位置 #54-54）的标注,2020-05-15 10:20:41
酒鬼不可救药，我的朋友。他们只会走向崩溃。这个过程有的部分很有意思。但有的部分很可怕。,Highlight,漫长的告别【你没见过的《漫长的告别》X 村上春树。不删一字呈现原著魅力，村上春树2万字解读，独此一版！】,雷蒙德•钱德勒 (Chandler R.),12,您在第 12 页（位置 #174-175）的标注,2020-05-15 10:21:04
自身的道义——不论那显得多么微弱和滑稽——顽强地坚持到最后，守护到无法避免的最后一刻。就像尼克·卡拉韦拼命维持他那朴实的中西部的道德，杰伊·盖茨比想凭借金钱的力量恢复已经丧失生命力的纯粹的梦想那样，他们都预见到了那无法回避的结局。,Highlight,漫长的告别【你没见过的《漫长的告别》X 村上春树。不删一字呈现原著魅力，村上春树2万字解读，独此一版！】,雷蒙德•钱德勒 (Chandler R.),12,您在第 12 页（位置 #179-182）的标注,2020-05-15 10:21:28
马洛明知特里·伦诺克斯人格上的弱点，也深知他隐藏在内心深处的黑暗和道德上的颓废，还是和他结下友情。,Highlight,漫长的告别【你没见过的《漫长的告别》X 村上春树。不删一字呈现原著魅力，村上春树2万字解读，独此一版！】,雷蒙德•钱德勒 (Chandler R.),13,您在第 13 页（位置 #188-189）的标注,2020-05-15 10:21:38
“酒就像爱情，”他说，“初吻妙不可言，再吻代表亲密，三吻便是例行公事。接着你就开始脱妞儿的衣服了。”,Highlight,漫长的告别【你没见过的《漫长的告别》X 村上春树。不删一字呈现原著魅力，村上春树2万字解读，独此一版！】,雷蒙德•钱德勒 (Chandler R.),58,您在第 58 页（位置 #738-739）的标注,2020-05-30 17:11:34
像我这样的人一辈子就辉煌那么一次，秋千架上一次完美的飞荡。之后的人生就花在一件事上：努力让自己别从人行道上跌进臭水沟。”,Highlight,漫长的告别【你没见过的《漫长的告别》X 村上春树。不删一字呈现原著魅力，村上春树2万字解读，独此一版！】,雷蒙德•钱德勒 (Chandler R.),59,您在第 59 页（位置 #749-751）的标注,2020-05-30 17:13:23
法律不等于正义，它是一种非常不完善的机制。要是你碰巧按对了按钮，而且又走运，那正义可能会在结论里体现出来。法律的目的不外乎建立一种机制。,Highlight,漫长的告别【你没见过的《漫长的告别》X 村上春树。不删一字呈现原著魅力，村上春树2万字解读，独此一版！】,雷蒙德•钱德勒 (Chandler R.),91,您在第 91 页（位置 #1157-1158）的标注,2020-05-31 09:51:39
大多数人过了一辈子，花费了一半的精力企图维护他们根本不曾拥有的尊严。,Highlight,漫长的告别【你没见过的《漫长的告别》X 村上春树。不删一字呈现原著魅力，村上春树2万字解读，独此一版！】,雷蒙德•钱德勒 (Chandler R.),223,您在第 223 页（位置 #2824-2825）的标注,2020-06-12 06:27:09
他们心心念念盼望着的所谓新闻自由，除了少数令人信服的例外，只意味着自由地贩卖丑闻、罪恶、性、哗众取宠、仇恨、含沙射影，以及政客和金融家的宣传鼓动。报纸是一种靠登广告营利的买卖；广告收益的多寡完全取决于报纸的发行量，你当然知道决定报纸发行量的是什么因素。”,Highlight,漫长的告别【你没见过的《漫长的告别》X 村上春树。不删一字呈现原著魅力，村上春树2万字解读，独此一版！】,雷蒙德•钱德勒 (Chandler R.),270,您在第 270 页（位置 #3396-3399）的标注,2020-06-13 21:09:49
你无法指望在生活缺乏质量的人身上看到质量。你无法指望批量生产的东西有质量。你讨厌有质量的东西，因为它用了很长时间也不坏。所以你以款式取而代之，这是商家的花招，意在人为地制造古董。批量制造商为了打开明年的销售市场，必须让今年兜售出去的东西在一年内变得落伍背时。,Highlight,漫长的告别【你没见过的《漫长的告别》X 村上春树。不删一字呈现原著魅力，村上春树2万字解读，独此一版！】,雷蒙德•钱德勒 (Chandler R.),270,您在第 270 页（位置 #3404-3406）的标注,2020-06-13 21:10:55
听着月桂谷大街上汹涌的车流声，望着山肩上庞大而愤怒的都市夜景，对影独酌。远处，警笛或火警的哀号时高时低，长久而彻底的安静坚决不出现。一天二十四小时，一些人在不断地逃遁，另外一些人在努力地追赶。在包藏万般罪孽的黑夜里，有人正在咽气，成为残废，被飞来的玻璃片割伤，在巨轮之下支离破碎，在方向盘前头破血流。被殴，被劫，被勒死，被强奸，被谋杀。忍饥挨饿，病魔缠身，百无聊赖，孤独绝望，懊悔自责，担惊受怕，怒气冲天，冷酷无情，焦虑不安，哭泣颤抖。一个不比其他城市更糟的城市，一个富裕的、生机勃勃的、充满骄傲的城市，一个迷失的、精疲力竭的、极度空虚的城市。,Highlight,漫长的告别【你没见过的《漫长的告别》X 村上春树。不删一字呈现原著魅力，村上春树2万字解读，独此一版！】,雷蒙德•钱德勒 (Chandler R.),311,您在第 311 页（位置 #3892-3898）的标注,2020-06-15 14:32:52
人生的悲剧，霍华德，并非英年早逝，而是日益老去且日益下贱。,Highlight,漫长的告别【你没见过的《漫长的告别》X 村上春树。不删一字呈现原著魅力，村上春树2万字解读，独此一版！】,雷蒙德•钱德勒 (Chandler R.),369,您在第 369 页（位置 #4605-4606）的标注,2020-06-15 21:42:19
“行，封住我的嘴巴好了。我只是普通公民。得了，伯尼。并不是因为有奸诈的政客和他们在市政府及立法机构里的帮凶，才存在流氓恶棍、犯罪集团和打手喽啰。犯罪并非恶疾本身，而是恶疾的症状。警察就好比开阿司匹林医治脑瘤的医生，不同的是警察更喜欢施行大棒疗法。我们一夜暴富，粗鲁野蛮，犯罪是我们为此付出的代价；有组织犯罪是我们为我们的组织化付出的代价。犯罪会在很长一段时间内一直尾随我们。集团犯罪只是暴富肮脏的一面。”,Highlight,漫长的告别【你没见过的《漫长的告别》X 村上春树。不删一字呈现原著魅力，村上春树2万字解读，独此一版！】,雷蒙德•钱德勒 (Chandler R.),392,您在第 392 页（位置 #4889-4893）的标注,2020-06-15 22:29:18
法国人有一种说法可以形容这种感觉。那帮杂种对什么都有个说法，而且说得总是那么贴切。 说一声再见，就是死去一点。,Highlight,漫长的告别【你没见过的《漫长的告别》X 村上春树。不删一字呈现原著魅力，村上春树2万字解读，独此一版！】,雷蒙德•钱德勒 (Chandler R.),405,您在第 405 页（位置 #5040-5042）的标注,2020-06-15 22:40:18
不要再想着看不透的内心了，珍惜看得见的言行吧。,Highlight,犯人IA,早坂吝,560,您在位置 #559-560的标注,2021-07-07 16:19:45
过于矫饰的甜腻品味，时常伴随着对世界冷漠无情的态度。,Highlight,短篇故事集霍格沃茨力量·政治与恶作剧幽灵 (Pottermore Presents (中文)),"Rowling, J.K.",106,Your Highlight at location 106-106,2019-09-24 09:26:28
人的内心存在两种相互矛盾的情感。无疑，没有人不同情他人的不幸。可是，一旦对方好歹从不幸中挣脱出来，却又因此产生若有所失的怅惘。说得夸张一点，甚至出现一种想使之重新陷入不幸的心理。于是，不觉之间开始对其怀有某种敌意，尽管是消极的敌意。不知个中缘由的内供之所以怏怏不快，无非是因为他从池尾僧俗的态度中，隐隐觉察出了这些旁观者的利己主义。,Highlight,罗生门,芥川龙之介(Ryunosuke Akutagawa),242,Your Highlight on page 17 | location 238-242,2019-09-29 10:08:51
这时我才得以暂时忘却难以言喻的疲劳和倦怠，忘却费解的、低等的、无聊的人生。,Highlight,罗生门,芥川龙之介(Ryunosuke Akutagawa),783,Your Highlight on page 79 | location 782-783,2019-10-08 09:41:51
行星上的智慧生物当他开始思索自身存在的道理时，他才算成熟。,Highlight,自私的基因（20世纪经典著作）（精编图文版）,(美)理查德·道金斯,303,您在位置 #303-303的标注,2020-01-12 17:05:32
行星上的智慧生物当他开始思索自身存在的道理时，他才算成熟。,Highlight,自私的基因（20世纪经典著作）（精编图文版）,(美)理查德·道金斯,303,您在位置 #303-303的标注,2020-01-12 17:06:19
难道你还不明白吗？所谓愤怒其实只是可放可收的一种“手段”而已。它既可以在接电话的瞬间巧妙地收起，也可以在挂断电话之后再次释放出来。这位母亲并不是因为怒不可遏而大发雷霆，她只不过是为了用高声震慑住女儿，进而使其听自己的话才采用了愤怒这种感情。,Highlight,被讨厌的勇气：“自我启发之父”阿德勒的哲学课,（日）岸见一郎，（日）古贺史健 著；渠海霞 译,424,Highlight  愤怒都是捏造出来的 >  Location 424,2026-02-24 14:52:26
无视现实的是你。一味执著于“被给予了什么”，现实就会改变吗？我们不是可以更换的机械。我们需要的不是更换而是更新。,Highlight,被讨厌的勇气：“自我启发之父”阿德勒的哲学课,（日）岸见一郎，（日）古贺史健 著；渠海霞 译,519,Highlight  你的不幸，皆是自己“选择”的 >  Location 519,2026-02-24 14:52:26
你在人生的某个阶段里选择了“不幸”。这既不是因为你生在了不幸的环境中，也不是因为你陷入了不幸的境地中，而是因为你认为“不幸”对你自身而言是一种,Highlight,被讨厌的勇气：“自我启发之父”阿德勒的哲学课,（日）岸见一郎，（日）古贺史健 著；渠海霞 译,539,Highlight  你的不幸，皆是自己“选择”的 >  Location 539,2026-02-24 14:52:26
假若生活方式不是先天被给予的，而是自己选择的结果，那就可以由自己进行重新选择。,Highlight,被讨厌的勇气：“自我启发之父”阿德勒的哲学课,（日）岸见一郎，（日）古贺史健 著；渠海霞 译,578,Highlight  人们常常下定决心“不改变” >  Location 578,2026-02-24 14:52:26
人无论在何时也无论处于何种环境中都可以改变。你之所以无法改变，是因为自己下了“不改变”的决心。,Highlight,被讨厌的勇气：“自我启发之父”阿德勒的哲学课,（日）岸见一郎，（日）古贺史健 著；渠海霞 译,587,Highlight  人们常常下定决心“不改变” >  Location 587,2026-02-24 14:52:26
人时常在选择着自己的生活方式，即使像现在这样促膝而谈的瞬间也在进行着选择。你把自己说成不幸的人，还说想要马上改变，甚至说想要变成别人。尽管如此还是没能改变，这是为什么呢？那是因为你在不断地下着不改变自己生活方式的决心。,Highlight,被讨厌的勇气：“自我启发之父”阿德勒的哲学课,（日）岸见一郎，（日）古贺史健 著；渠海霞 译,590,Highlight  人们常常下定决心“不改变” >  Location 590,2026-02-24 14:52:26
尽管有些不方便、不自由，但你还是感觉现在的生活方式更好，大概是觉得一直这样不做改变比较轻松吧。如果一直保持“现在的我”，那么如何应对眼前的事情以及其结果会怎样等问题都可以根据经验进行推测，可谓是轻车熟路般的状态。即使遇到点状况也能够想办法对付过去。另一方面，如果选择新的生活方式，那就既不知道新的自己会遇到什么问题，也不知道应该如何应对眼前的事情。未来难以预测，生活就会充满不安，也可能有更加痛苦、更加不幸的生活在等着自己。也就是说，即使人们有各种不满，但还是认为保持现状更加轻松、更能,Highlight,被讨厌的勇气：“自我启发之父”阿德勒的哲学课,（日）岸见一郎，（日）古贺史健 著；渠海霞 译,594,Highlight  人们常常下定决心“不改变” >  Location 594,2026-02-24 14:52:26
要想改变生活方式需要很大的“勇气”。面对变化产生的“不安”与不变带来的“不满”，你一定是选择了后者。,Highlight,被讨厌的勇气：“自我启发之父”阿德勒的哲学课,（日）岸见一郎，（日）古贺史健 著；渠海霞 译,601,Highlight  人们常常下定决心“不改变” >  Location 601,2026-02-24 14:52:26
你之所以不幸并不是因为过去或者环境，更不是因为能力不足，你只不过是缺乏“勇气”，可以说是缺乏“获得幸福的,Highlight,被讨厌的勇气：“自我启发之父”阿德勒的哲学课,（日）岸见一郎，（日）古贺史健 著；渠海霞 译,604,Highlight  人们常常下定决心“不改变” >  Location 604,2026-02-24 14:52:26
假若应征落选也应该去做。那样的话或许能够有所成长，或许会明白应该选择别的道路。总之，可以有所发展。所谓改变现在的生活方式就是这样。如果一直不去投稿应征，那就不会有所发展。青年：梦也许会破灭啊！哲人：但那又怎样呢？应该去做——这一简单的课题摆在面前，但却不断地扯出各种“不能做的理由”，你难道不认为这是一种很痛苦的生活方式吗？梦想着做小说家的他，正是“自己”把人生变得复杂继而难以获得幸福。,Highlight,被讨厌的勇气：“自我启发之父”阿德勒的哲学课,（日）岸见一郎，（日）古贺史健 著；渠海霞 译,631,Highlight  你的人生取决于“当下” >  Location 631,2026-02-24 14:52:26
但是，如果要改变对世界或自己的看法（生活方式）就必须改变与世界的沟通方式，甚至改变自己的行为方式。请不要忘记“必须改变”的究竟是什么。你依然是“你”，只要重新选择生活方式就可以了。虽然可能是很严厉的道理，但也很简单。,Highlight,被讨厌的勇气：“自我启发之父”阿德勒的哲学课,（日）岸见一郎，（日）古贺史健 著；渠海霞 译,639,Highlight  你的人生取决于“当下” >  Location 639,2026-02-24 14:52:26
不，不是定罪。阿德勒的目的论是说：“无论之前的人生发生过什么，都对今后的人生如何度过没有影响。”决定自己人生的是活在“此时此刻”的你自己。,Highlight,被讨厌的勇气：“自我启发之父”阿德勒的哲学课,（日）岸见一郎，（日）古贺史健 著；渠海霞 译,644,Highlight  你的人生取决于“当下” >  Location 644,2026-02-24 14:52:26
我们应该摈弃自卑感，进一步向前；不满足于现状，不断进步；要更加幸福。如果是这样的自卑感，那就没有任何问题。但是，有些人无法认清“情况可以通过现实的努力而改变”这一事实，根本没有向前迈进的勇气。他们什么都不做就断定自己不行或是现实无法改变。,Highlight,被讨厌的勇气：“自我启发之父”阿德勒的哲学课,（日）岸见一郎，（日）古贺史健 著；渠海霞 译,864,Highlight  自卑情结只是一种借口 >  Location 864,2026-02-24 14:52:26
不上挑衅之当这种事情有那么容易做到吗？原本您是怎么说到要控制怒气的呢？哲人：所谓控制怒气是否就是“忍耐”呢？不是的，我们应该学习不使用怒气这种感情的方法，因为怒气终归是为了达成目的的一种手段和工具。,Highlight,被讨厌的勇气：“自我启发之父”阿德勒的哲学课,（日）岸见一郎，（日）古贺史健 著；渠海霞 译,1128,Highlight  承认错误，不代表你失败了 >  Location 1128,2026-02-24 14:52:26
上帝，请赐予我平静，去接受我无法改变的；给予我勇气，去改变我能改变的；赐我智慧，分辨这两者的区别。”,Highlight,被讨厌的勇气：“自我启发之父”阿德勒的哲学课,（日）岸见一郎，（日）古贺史健 著；渠海霞 译,2353,Highlight  不是肯定自我，而是接纳自我 >  Location 2353,2026-02-24 14:52:26
先生您说“一切烦恼皆是人际关系的烦恼”。反过来说就是，我们的幸福也在人际关系之中。但是，我还无法理解这一点。,Highlight,被讨厌的勇气：“自我启发之父”阿德勒的哲学课,（日）岸见一郎，（日）古贺史健 著；渠海霞 译,2568,Highlight  从这一刻起，就能变得幸福 >  Location 2568,2026-02-24 14:52:26
就像旅人要依靠北极星旅行一样，我们的人生也需要“引导之星”。这是阿德勒心理学的重要观点。这一巨大理想就是：只要不迷失这个指针就可以，只要朝着这个方向前进就可以获得幸福。青年：那颗星是什么呢？哲人：他者贡献。青年：他者贡献！哲人：无论你过着怎样的刹那，即使有人讨厌你，只要没有迷失“他者贡献”这颗引导之星，那么你就不会迷失，而且做什么都可以。即使被讨厌自己的人讨厌着也可以自由地生活。青年：只要自己心中有他者贡献这颗星就一定能够有幸福相伴，有朋友相伴！哲人：而且，我们要像跳舞一样认真过好作为刹那的“此时此刻”，既不看过去也不看未来，只需要过好每一个完结的刹那。没必要与谁竞争，也不需要目的地，只要跳着，就一定会到达某一个地方。,Highlight,被讨厌的勇气：“自我启发之父”阿德勒的哲学课,（日）岸见一郎，（日）古贺史健 著；渠海霞 译,2864,Highlight  人生的意义，由你自己决定 >  Location 2864,2026-02-24 14:52:26
也就是，如果“我”改变，“世界”就会改变。世界不是靠他人改变而只能靠“我”来改变。在了解了阿德勒心理学的我的眼中，世界已经不是曾经的世界了。,Highlight,被讨厌的勇气：“自我启发之父”阿德勒的哲学课,（日）岸见一郎，（日）古贺史健 著；渠海霞 译,2883,Highlight  人生的意义，由你自己决定 >  Location 2883,2026-02-24 14:52:26
“必须有人开始。即使别人不合作，那也与你无关。我的意见就是这样。应该由你开始，不用去考虑别人是否合作。”青年：我还不知道自己和自己所看到的世界是否会改变。但是，我可以确信地说“‘此时此刻’正散发着耀眼的光芒！”是的，那种光强烈到根本看不到明天之类的事情。,Highlight,被讨厌的勇气：“自我启发之父”阿德勒的哲学课,（日）岸见一郎，（日）古贺史健 著；渠海霞 译,2894,Highlight  人生的意义，由你自己决定 >  Location 2894,2026-02-24 14:52:26
所谓幸福，即使不被时间追赶着去寻找，也会意外出现在自己手边啊……”,Highlight,魔眼之匣谜案【《尸人庄谜案》第二弹，经典本格×超现实奇幻！入围这本推理小说了不起等各大权威榜单，横扫亚洲各地畅销书排行榜，被誉为新世纪推理的奇迹！】,今村昌弘,126,您在位置 #125-126的标注,2021-04-15 21:58:05
“身处这个世界，自己认为好的事情往往会得出坏结果，而灾难也可能会转变为福报，尤其是人类自己的发明更是如此。救人的技术会被用于杀戮，而为战争创造的技术，却能给现在的世界带来便利。,Highlight,魔眼之匣谜案【《尸人庄谜案》第二弹，经典本格×超现实奇幻！入围这本推理小说了不起等各大权威榜单，横扫亚洲各地畅销书排行榜，被誉为新世纪推理的奇迹！】,今村昌弘,2044,您在位置 #2042-2044的标注,2021-04-19 08:08:18
互相猜忌的集体行动时刻都在酝酿着不满，会让人感到压力山大。早知道会这样，倒不如把自己锁在房间里更轻松。这种想法真是太值得理解了。,Highlight,魔眼之匣谜案【《尸人庄谜案》第二弹，经典本格×超现实奇幻！入围这本推理小说了不起等各大权威榜单，横扫亚洲各地畅销书排行榜，被誉为新世纪推理的奇迹！】,今村昌弘,2856,您在位置 #2854-2856的标注,2021-04-21 07:49:12
